Name,Unemployed 2006
AIRPORT,66
BALBRIGGAN RURAL,353
BALBRIGGAN URBAN,275
BALDOYLE,174
BALGRIFFIN,18
BALLYBOGHIL,16
BALSCADDEN,12
BLANCHARDSTOWN-ABBOTSTOWN,172
BLANCHARDSTOWN-BLAKESTOWN,1243
BLANCHARDSTOWN-COOLMINE,828
BLANCHARDSTOWN-CORDUFF,311
BLANCHARDSTOWN-DELWOOD,147
BLANCHARDSTOWN-MULHUDDART,186
BLANCHARDSTOWN-ROSELAWN,42
BLANCHARDSTOWN-TYRRELSTOWN,125
CASTLEKNOCK-KNOCKMAROON,447
CASTLEKNOCK-PARK,71
CLONMETHAN,19
DONABATE,185
DUBBER,139
GARRISTOWN,17
HOLLYWOOD,31
HOLMPATRICK,60
HOWTH,169
KILSALLAGHAN,55
KINSALEY,120
LUCAN NORTH,14
LUSK,206
MALAHIDE EAST,107
MALAHIDE WEST,104
PORTMARNOCK NORTH,80
PORTMARNOCK SOUTH,78
RUSH,254
SKERRIES,258
SUTTON,142
SWORDS-FORREST,358
SWORDS-GLASMORE,249
SWORDS-LISSENHALL,324
SWORDS-SEATOWN,105
SWORDS VILLAGE,95
THE WARD,224
TURNAPIN,48
